,file_id,hard_prediction,model_prediction,saved_loss,total_loss
0,"[('0088',)]",0,0.0006139916497433003,0.8012690544128418,0.8023179173469543
1,"[('0385',)]",0,0.0010944648344255804,0.8008838295936584,
2,"[('0348',)]",0,0.00022666915365871445,0.8015795946121216,
3,"[('0288',)]",0,0.0010712700899383652,0.8009024262428284,
4,"[('0766',)]",1,0.9998722222081816,0.8018637895584106,
5,"[('0436',)]",0,0.00010251779694830018,0.8016791343688965,
6,"[('0339',)]",0,0.0007643114361315983,0.801148533821106,
7,"[('0005',)]",1,0.9996225588385365,0.802064061164856,
8,"[('0077',)]",0,0.00011129016826077257,0.801672101020813,
9,"[('0153',)]",0,0.0003957231567482247,0.8014440536499023,
10,"[('0119',)]",0,0.0009095759576957598,0.8010320663452148,
11,"[('0745',)]",0,0.00014429807387719408,0.8016456365585327,
12,"[('0030',)]",0,0.00011396648493237431,0.8016699552536011,
13,"[('0905',)]",0,0.0006831298304263454,0.8012136220932007,
14,"[('0138',)]",1,0.9999875850184626,0.8017712831497192,
15,"[('0759',)]",0,0.0006736140378162059,0.8012212514877319,
16,"[('0401',)]",0,0.0010109786226975591,0.8009507656097412,
17,"[('0925',)]",0,0.0005815784811650126,0.8012950420379639,
18,"[('0115',)]",0,4.4084882951662075e-05,0.8017259836196899,
19,"[('0709',)]",0,0.0007527140638879908,0.8011578321456909,
20,"[('0629',)]",0,0.0010779608816173696,0.8008970618247986,
21,"[('0340',)]",0,0.00015938952621983725,0.8016335368156433,
22,"[('0079',)]",0,0.0009662990027077634,0.8009865880012512,
23,"[('0259',)]",1,0.999678127871005,0.802019476890564,
24,"[('0432',)]",0,0.000445235015172857,0.8014043569564819,
25,"[('0757',)]",1,0.9998906546848186,0.8018490076065063,
26,"[('0623',)]",0,0.0005395008357170518,0.8013287782669067,
27,"[('0910',)]",0,0.0005381626773812509,0.8013298511505127,
28,"[('0878',)]",1,0.9999431315049381,0.8018069267272949,
29,"[('0613',)]",0,0.0003682909108643068,0.8014660477638245,
30,"[('0618',)]",0,0.0007298910300496093,0.801176130771637,
31,"[('0158',)]",0,0.0002425783694287915,0.8015668392181396,
32,"[('0522',)]",0,0.0003970613150840256,0.8014429807662964,
33,"[('0309',)]",1,0.99689710165668,0.8042568564414978,
34,"[('0449',)]",0,0.000733087741629578,0.8011735677719116,
35,"[('0666',)]",0,0.001184047100794472,0.8008120059967041,
36,"[('0749',)]",0,0.0008066864500986259,0.801114559173584,
37,"[('0978',)]",0,0.0007280324768054414,0.8011776208877563,
38,"[('0128',)]",0,0.0007670620949329669,0.8011463284492493,
39,"[('0071',)]",0,0.0001792388748675502,0.8016176223754883,
40,"[('0883',)]",1,0.9997537651706073,0.8019587993621826,
41,"[('0429',)]",0,0.0008456417260963847,0.8010833263397217,
42,"[('0194',)]",1,0.999686448899643,0.8020128011703491,
43,"[('0261',)]",0,0.0007137587878902321,0.8011890649795532,
44,"[('0038',)]",1,0.999312065458086,0.8023132681846619,
45,"[('0804',)]",0,4.497698850886266e-05,0.8017252683639526,
46,"[('0422',)]",0,0.0009047437192609232,0.8010359406471252,
47,"[('0427',)]",0,0.0005413593889612196,0.8013272881507874,
48,"[('0406',)]",0,0.0009738818999439683,0.8009805083274841,
49,"[('0206',)]",0,0.0002901573324794892,0.8015286922454834,
50,"[('0443',)]",0,0.00029439483387619196,0.8015252947807312,
51,"[('0701',)]",0,0.0007488482731401216,0.8011609315872192,
52,"[('0459',)]",0,0.0006336179720017131,0.8012533187866211,
53,"[('0085',)]",0,0.0007267686605994072,0.8011786341667175,
54,"[('0720',)]",0,0.00012154938216857925,0.801663875579834,
55,"[('0612',)]",0,0.0008564956770423252,0.8010746240615845,
56,"[('0496',)]",0,0.000742752218499251,0.8011658191680908,
57,"[('0945',)]",0,0.000564256764929368,0.8013089299201965,
58,"[('0207',)]",0,0.0008109239514953288,0.8011111617088318,
59,"[('0127',)]",0,0.000689002858677916,0.8012089133262634,
60,"[('0972',)]",1,0.9996502682923766,0.8020418286323547,
61,"[('0070',)]",0,2.1930928281180966e-05,0.801743745803833,
62,"[('0558',)]",1,0.999781704828062,0.8019363880157471,
63,"[('0335',)]",0,0.0006096798062168308,0.8012725114822388,
64,"[('0557',)]",0,0.0003603363029792683,0.8014724254608154,
65,"[('0254',)]",0,0.0005823962445924464,0.8012943863868713,
66,"[('0293',)]",0,0.0005609113690898658,0.8013116121292114,
67,"[('0129',)]",0,0.00047958107912507935,0.8013768196105957,
68,"[('0297',)]",0,0.0010386338949707771,0.8009285926818848,
69,"[('0912',)]",0,0.0006495271877717902,0.8012405633926392,
70,"[('0190',)]",0,0.0004974975323988577,0.8013624548912048,
71,"[('0753',)]",0,0.0005910942737751521,0.8012874126434326,
72,"[('0742',)]",0,0.000149278996571564,0.8016416430473328,
73,"[('0023',)]",1,0.9992300371246162,0.8023791313171387,
74,"[('0607',)]",0,0.0005967442756374225,0.8012828826904297,
75,"[('0962',)]",0,0.0003647968307652712,0.8014688491821289,
76,"[('0580',)]",0,0.0005885666413630837,0.801289439201355,
77,"[('0241',)]",1,0.999944172177465,0.8018060922622681,
78,"[('0795',)]",0,0.0005317692542213133,0.8013349771499634,
79,"[('0279',)]",0,0.0005921350635918861,0.8012865781784058,
80,"[('0345',)]",0,0.0008697285761408004,0.8010640144348145,
81,"[('0645',)]",0,0.0009615411064026936,0.8009904026985168,
82,"[('0035',)]",0,0.00017790071653174934,0.8016186952590942,
83,"[('0300',)]",1,0.9999591878364588,0.8017940521240234,
84,"[('0567',)]",1,0.999518792040214,0.8021473288536072,
85,"[('0201',)]",0,0.0007248357652254726,0.8011801838874817,
86,"[('0442',)]",0,0.00048285213283481485,0.8013741970062256,
87,"[('0441',)]",0,9.582700526929581e-05,0.8016844987869263,
88,"[('0498',)]",0,0.00038219288913068255,0.8014549016952515,
89,"[('0113',)]",1,0.9989254995175925,0.8026237487792969,
90,"[('0574',)]",1,0.9999115406913192,0.8018322587013245,
91,"[('0370',)]",0,0.000259156664366769,0.8015535473823547,
92,"[('0570',)]",1,0.9971649201193782,0.8040408492088318,
93,"[('0296',)]",0,0.00039453368267195724,0.8014450073242188,
94,"[('0924',)]",0,0.0009620615013110606,0.8009899854660034,
95,"[('0711',)]",0,0.0010114990176059262,0.8009503483772278,
96,"[('0080',)]",0,0.000447316594806325,0.8014026880264282,
97,"[('0602',)]",0,0.00032926129273678134,0.8014973402023315,
98,"[('0779',)]",1,0.9998152939301646,0.8019094467163086,
99,"[('0679',)]",1,0.9990440571489092,0.8025285005569458,
100,"[('0392',)]",0,0.00111936944789743,0.8008638620376587,
101,"[('0965',)]",0,0.00019968296055339688,0.801601231098175,
102,"[('0457',)]",0,0.0002077862526979688,0.8015947341918945,
103,"[('0452',)]",0,0.0003329783992251171,0.8014943599700928,
104,"[('0462',)]",0,0.0003441297186901244,0.8014854192733765,
105,"[('0678',)]",0,0.0007962785519312859,0.8011229038238525,
106,"[('0946',)]",0,0.00017641387393641504,0.8016198873519897,
107,"[('0287',)]",0,0.0005145218801154355,0.8013488054275513,
108,"[('0121',)]",0,0.0002794520657930822,0.801537275314331,
109,"[('0307',)]",1,0.999475494156727,0.8021820783615112,
110,"[('0053',)]",0,0.0007994752635112546,0.8011203408241272,
111,"[('0596',)]",0,0.0006411265271081514,0.8012472987174988,
112,"[('0803',)]",0,0.0004818856851478475,0.8013749718666077,
113,"[('0615',)]",0,0.0013810537446762672,0.8006540536880493,
114,"[('0770',)]",0,0.0005461172852662894,0.8013234734535217,
115,"[('0765',)]",0,0.0005807607177375787,0.8012956976890564,
116,"[('0304',)]",1,0.9999058173927846,0.8018368482589722,
117,"[('0636',)]",0,0.00035238169509422976,0.8014788031578064,
118,"[('0669',)]",0,2.6019745418350298e-06,0.8017592430114746,
119,"[('0175',)]",0,0.0008083963190832604,0.8011131882667542,
120,"[('0240',)]",0,0.0004885021346970852,0.8013696670532227,
121,"[('0208',)]",1,0.9998543849746107,0.8018780946731567,
122,"[('0600',)]",0,0.0005977107233243897,0.8012821078300476,
123,"[('0819',)]",0,0.0009428812318312481,0.8010053634643555,
124,"[('0985',)]",1,0.999477796351128,0.8021802306175232,
125,"[('0854',)]",1,0.9998776478262903,0.801859438419342,
126,"[('0750',)]",1,0.9996376391282561,0.8020519614219666,
127,"[('0162',)]",0,0.0003517126159263293,0.8014793395996094,
128,"[('0403',)]",1,0.9996137188802365,0.8020711541175842,
129,"[('0350',)]",0,0.00017604216328758146,0.8016201853752136,
130,"[('0486',)]",0,0.0008282456677309734,0.8010972738265991,
131,"[('0584',)]",0,0.0006998568096238563,0.8012002110481262,
132,"[('0867',)]",0,0.0003413047177589892,0.8014876842498779,
133,"[('0638',)]",1,0.9997200316014238,0.8019858598709106,
134,"[('0619',)]",1,0.9997478207641097,0.8019635677337646,
135,"[('0092',)]",0,0.0006864752262658476,0.8012109398841858,
136,"[('0504',)]",1,0.9998861951523447,0.8018525838851929,
137,"[('0877',)]",0,8.579081775078927e-05,0.801692545413971,
138,"[('0876',)]",0,0.00043780080219618547,0.8014103174209595,
139,"[('0587',)]",0,0.00027974943431214905,0.801537036895752,
140,"[('0968',)]",1,0.9990312207027631,0.8025388121604919,
141,"[('0648',)]",1,0.9999256633965747,0.8018209338188171,
142,"[('0448',)]",0,0.00041512645261733736,0.801428496837616,
143,"[('0729',)]",1,0.9998265898875369,0.8019003868103027,
144,"[('0643',)]",0,2.5350666250449863e-05,0.8017410039901733,
145,"[('0470',)]",0,0.0007155429990046333,0.8011876344680786,
146,"[('0695',)]",0,0.0008817720011630082,0.8010543584823608,
147,"[('0478',)]",0,0.00038367973172601685,0.801453709602356,
148,"[('0730',)]",0,0.00036055932936856843,0.8014722466468811,
149,"[('0767',)]",0,0.0010656200880760948,0.8009069561958313,
150,"[('0317',)]",0,5.270857000460103e-05,0.801719069480896,
151,"[('0042',)]",1,0.9995496895644569,0.8021225333213806,
152,"[('0565',)]",1,0.9999178586943561,0.8018271923065186,
153,"[('0186',)]",1,0.9993716093894841,0.802265465259552,
154,"[('0123',)]",0,0.0008007390797172887,0.801119327545166,
155,"[('0294',)]",0,0.00023730007821535473,0.8015710711479187,
156,"[('0582',)]",0,0.0008434114622033833,0.8010851144790649,
157,"[('0769',)]",0,0.0006171883613232691,0.8012664914131165,
158,"[('0824',)]",0,0.0005316205699617799,0.8013350963592529,
159,"[('0855',)]",0,0.0004440455410965895,0.8014053106307983,
160,"[('0382',)]",0,0.00029714549267756044,0.8015230894088745,
161,"[('0782',)]",0,0.0008133772417776304,0.8011091947555542,
162,"[('0683',)]",0,0.0010273338912462366,0.8009376525878906,
163,"[('0393',)]",0,0.0006969574665629544,0.8012025356292725,
164,"[('0289',)]",0,0.00036635801549037223,0.8014675974845886,
165,"[('0404',)]",0,0.0009077174044515918,0.8010335564613342,
166,"[('0735',)]",0,0.00029818628249429443,0.8015222549438477,
167,"[('0425',)]",0,0.0009032568766655889,0.8010371327400208,
168,"[('0171',)]",1,0.9993375303857881,0.8022928237915039,
169,"[('0533',)]",0,0.0004960850319332902,0.8013635873794556,
170,"[('0141',)]",0,0.0003549836696360648,0.8014767169952393,
171,"[('0921',)]",0,0.0005213613560539733,0.8013433218002319,
172,"[('0813',)]",0,0.0004404771188677872,0.8014081716537476,
173,"[('0966',)]",0,0.0012121484258462904,0.800789475440979,
174,"[('0545',)]",1,0.999326690928477,0.8023015260696411,
175,"[('0794',)]",0,3.397435330338882e-05,0.8017340898513794,
176,"[('0020',)]",1,0.9989986487736994,0.8025649785995483,
177,"[('0884',)]",0,0.0002498638981459296,0.8015609979629517,
178,"[('0764',)]",0,0.00019574282767576096,0.8016043901443481,
179,"[('0682',)]",0,0.0006600837701986637,0.801232099533081,
180,"[('0114',)]",0,0.0006769594336557081,0.801218569278717,
181,"[('0930',)]",0,0.0001536651822278002,0.801638126373291,
182,"[('0807',)]",0,0.000593473221927687,0.8012855052947998,
183,"[('0063',)]",0,0.0003515639316667959,0.8014794588088989,
184,"[('0333',)]",0,0.00020510993602636707,0.8015968799591064,
185,"[('0821',)]",0,0.00047363370874374213,0.8013815879821777,
186,"[('0940',)]",0,0.0008712154187361347,0.801062822341919,
187,"[('0256',)]",0,0.00012035990809231181,0.8016648292541504,
188,"[('0585',)]",0,0.00012734806829038303,0.8016592264175415,
189,"[('0195',)]",0,0.0005194284606800387,0.8013448715209961,
190,"[('0447',)]",0,0.0003289639242177145,0.8014975786209106,
191,"[('0762',)]",0,0.0003299303719046818,0.8014968037605286,
192,"[('0083',)]",0,0.00024874876619942885,0.8015618920326233,
193,"[('0871',)]",0,0.000310304049646269,0.8015125393867493,
194,"[('0670',)]",0,0.0005512468922201927,0.8013193607330322,
195,"[('0236',)]",0,2.5201981990916433e-05,0.8017411231994629,
196,"[('0632',)]",0,2.9736851906686054e-07,0.8017610907554626,
197,"[('0384',)]",0,0.000549611365365325,0.8013206720352173,
198,"[('0010',)]",0,0.00017462966282201387,0.8016213178634644,
199,"[('0034',)]",0,0.0003359520844157857,0.8014919757843018,
200,"[('0909',)]",0,0.0010676273255797962,0.8009053468704224,
201,"[('0346',)]",0,0.0005564508413038628,0.801315188407898,
202,"[('0253',)]",0,0.00014987373360969772,0.8016411662101746,
203,"[('0957',)]",0,0.00019247177396602549,0.8016070127487183,
204,"[('0956',)]",1,0.999300706885567,0.8023223876953125,
205,"[('0354',)]",0,0.0005192797764205052,0.8013449907302856,
206,"[('0908',)]",1,0.9998955602164855,0.8018450736999512,
207,"[('0303',)]",0,0.0005203949083670059,0.801344096660614,
208,"[('0097',)]",0,0.00015544939334220136,0.8016366958618164,
209,"[('0028',)]",1,0.99983521065831,0.8018934726715088,
210,"[('0491',)]",1,0.9961931390742876,0.8048251867294312,
211,"[('0928',)]",0,0.0007110824712186303,0.8011912107467651,
212,"[('0040',)]",1,0.9999272243516388,0.8018196821212769,
213,"[('0811',)]",0,0.0006356995516351812,0.8012516498565674,
214,"[('0633',)]",0,3.4197379692688966e-06,0.8017585873603821,
215,"[('0840',)]",1,0.9999918967735182,0.8017678260803223,
216,"[('0388',)]",0,0.0007446851138731855,0.8011642694473267,
217,"[('0639',)]",0,0.0006208311256818382,0.8012635707855225,
218,"[('0016',)]",0,0.0002621303495574376,0.8015511631965637,
219,"[('0885',)]",0,0.0007635680148339312,0.8011491298675537,
220,"[('0174',)]",0,0.0006422416590546521,0.8012464046478271,
221,"[('0539',)]",0,0.00016823623966207636,0.801626443862915,
222,"[('0983',)]",0,0.000580686375607812,0.8012957572937012,
223,"[('0866',)]",1,0.9999694463182218,0.8017858266830444,
224,"[('0074',)]",0,0.0011375089275605084,0.8008493185043335,
225,"[('0321',)]",0,0.0008467568580428855,0.80108243227005,
226,"[('0463',)]",0,0.0005649258440972684,0.8013083934783936,
227,"[('0546',)]",1,0.9969664812071403,0.8042008876800537,
228,"[('0032',)]",1,0.9998509662441888,0.8018808364868164,
229,"[('0430',)]",0,0.0008448983047987176,0.8010839223861694,
230,"[('0117',)]",0,0.0009967049337823498,0.8009622097015381,
231,"[('0342',)]",0,0.0002754375907856796,0.8015404939651489,
232,"[('0325',)]",0,0.0008340443538527772,0.8010926246643066,
233,"[('0731',)]",0,6.802304873654435e-05,0.8017067909240723,
234,"[('0373',)]",0,3.798882831079144e-05,0.8017308712005615,
235,"[('0647',)]",0,0.0008661601539119981,0.8010668754577637,
236,"[('0313',)]",0,0.0003700007798489413,0.8014646768569946,
237,"[('0410',)]",0,0.00048433897543014915,0.8013730049133301,
238,"[('0798',)]",0,0.0006751752225413069,0.8012199997901917,
239,"[('0341',)]",0,0.00046709160132427124,0.801386833190918,
240,"[('0744',)]",0,0.0008412555404401485,0.8010868430137634,
241,"[('0251',)]",0,0.0002676316671601745,0.8015467524528503,
242,"[('0109',)]",1,0.999296252613887,0.802325963973999,
243,"[('0316',)]",0,0.00035364551130026393,0.8014777898788452,
244,"[('0827',)]",0,0.0006809739086631107,0.8012153506278992,
245,"[('0328',)]",0,0.00020600204158356764,0.8015961647033691,
246,"[('0096',)]",0,0.00048537976524688314,0.8013721704483032,
247,"[('0093',)]",0,0.0006365916571923817,0.8012509346008301,
248,"[('0280',)]",0,0.000822075270960336,0.8011022210121155,
249,"[('0456',)]",0,0.0009851075615387424,0.800971508026123,
250,"[('0295',)]",0,0.00038672775904645217,0.8014512658119202,
251,"[('0445',)]",0,0.0005508008394415925,0.8013197183609009,
252,"[('0608',)]",0,0.00044300475127985554,0.8014061450958252,
253,"[('0416',)]",1,0.9999154058131073,0.8018291592597961,
254,"[('0181',)]",0,0.0005466376801746564,0.8013230562210083,
255,"[('0665',)]",0,0.000872702261331469,0.8010616302490234,
256,"[('0732',)]",1,0.992309802141821,0.8079748153686523,
257,"[('0810',)]",0,0.000529538990328312,0.8013367652893066,
258,"[('0703',)]",0,0.0007299653721793759,0.8011760711669922,
259,"[('0520',)]",0,0.0009134417484436289,0.8010289669036865,
260,"[('0700',)]",1,0.9962772521687452,0.8047572374343872,
261,"[('0519',)]",1,0.9997828937842959,0.8019354343414307,
262,"[('0936',)]",0,0.0008630377844617961,0.8010693788528442,
263,"[('0601',)]",0,0.00012259017198531326,0.8016630411148071,
264,"[('0787',)]",0,0.0009489772864721188,0.8010004758834839,
265,"[('0789',)]",0,0.0005641824227996012,0.8013089895248413,
266,"[('0270',)]",0,0.0006867725947849145,0.8012107014656067,
267,"[('0955',)]",0,0.000641200869237918,0.801247239112854,
268,"[('0064',)]",0,0.00039497973545055755,0.8014446496963501,
269,"[('0981',)]",0,0.0005168264861382037,0.8013469576835632,
270,"[('0126',)]",0,0.00044999291147792674,0.8014005422592163,
271,"[('0330',)]",0,0.0005143731958559021,0.8013489246368408,
272,"[('0226',)]",0,0.0006168166506744355,0.8012667894363403,
273,"[('0918',)]",0,0.0010059233578734227,0.8009548187255859,
274,"[('0379',)]",0,0.0011119352349207583,0.8008698225021362,
275,"[('0971',)]",1,0.9999427598367034,0.8018072247505188,
276,"[('0043',)]",0,0.0010298615236583048,0.8009356260299683,
277,"[('0630',)]",0,2.7134877364851026e-05,0.8017395734786987,
278,"[('0358',)]",1,0.99967344735327,0.8020232319831848,
279,"[('0694',)]",0,0.0005282008319925111,0.8013378381729126,
280,"[('0264',)]",0,0.0007338311629272452,0.8011729717254639,
281,"[('0116',)]",0,0.000446275804989591,0.8014035224914551,
282,"[('0725',)]",0,0.00042843369384557934,0.8014178276062012,
283,"[('0151',)]",0,0.0005619521589065998,0.8013107776641846,
284,"[('0068',)]",0,0.00013485662339682126,0.8016532063484192,
285,"[('0021',)]",0,0.00038494354793205097,0.8014526963233948,
286,"[('0591',)]",0,0.0006544337683363934,0.801236629486084,
287,"[('0676',)]",0,0.0003958718410077581,0.8014439344406128,
288,"[('0209',)]",0,0.0010210148102160657,0.8009427189826965,
289,"[('0231',)]",0,0.0007533088009261245,0.8011573553085327,
290,"[('0839',)]",0,0.0010306792870857387,0.8009349703788757,
291,"[('0802',)]",0,0.00039743302573285914,0.8014426827430725,
292,"[('0886',)]",0,0.0009608720272347932,0.8009909391403198,
293,"[('0506',)]",1,0.9957368149652889,0.8051940202713013,
294,"[('0045',)]",0,4.7207252401864116e-05,0.8017234802246094,
295,"[('0131',)]",0,0.0002744711430987123,0.801541268825531,
296,"[('0895',)]",0,0.0004659764693777705,0.8013877272605896,
297,"[('0631',)]",0,0.00043742909154735187,0.8014106154441833,
298,"[('0276',)]",0,0.0006763646966175743,0.8012190461158752,
299,"[('0950',)]",0,0.000576225847821809,0.8012993335723877,
300,"[('0604',)]",0,0.0007460232722089864,0.8011631965637207,
301,"[('0204',)]",0,0.0005600192635326651,0.8013123273849487,
302,"[('0351',)]",0,0.0008871246345062118,0.801050066947937,
303,"[('0644',)]",0,0.0005620265010363665,0.8013107180595398,
304,"[('0458',)]",0,0.00037334617568844343,0.8014619946479797,
305,"[('0771',)]",1,0.999423066406877,0.8022241592407227,
306,"[('0828',)]",0,0.0006223179682771725,0.801262378692627,
307,"[('0308',)]",1,0.9981671891007599,0.8032335042953491,
308,"[('0318',)]",0,5.389804408086848e-05,0.8017181158065796,
309,"[('0349',)]",0,0.0006241021793915736,0.8012609481811523,
310,"[('0322',)]",0,0.0005499087338843919,0.8013204336166382,
311,"[('0836',)]",0,0.00027038232596154297,0.8015445470809937,
312,"[('0395',)]",0,0.0006869212790444479,0.8012105822563171,
313,"[('0100',)]",0,0.0006520548201838585,0.8012385368347168,
314,"[('0130',)]",0,0.001046291134336749,0.8009224534034729,
315,"[('0029',)]",1,0.997194267697716,0.804017186164856,
316,"[('0390',)]",0,0.0004197356646628737,0.8014248013496399,
317,"[('0829',)]",0,0.0002946178602654921,0.8015251159667969,
318,"[('0137',)]",1,0.999860182005714,0.8018734455108643,
319,"[('0685',)]",0,0.0006527982414815256,0.801237940788269,
320,"[('0947',)]",0,0.000841924619608049,0.8010863065719604,
321,"[('0191',)]",0,0.00033706721636228646,0.8014910817146301,
322,"[('0091',)]",0,7.501120893461557e-05,0.8017011880874634,
323,"[('0788',)]",0,0.0004276902725479122,0.8014184236526489,
324,"[('0687',)]",0,0.00043571922256271744,0.8014119863510132,
325,"[('0624',)]",0,0.0006487094243443563,0.8012412190437317,
326,"[('0509',)]",0,0.00043289422163158225,0.8014142513275146,
327,"[('0544',)]",0,0.0003967639465649587,0.8014432191848755,
328,"[('0748',)]",0,0.0004325968531125154,0.8014144897460938,
329,"[('0142',)]",0,9.18125302618932e-05,0.8016877174377441,
330,"[('0267',)]",1,0.9995154498744375,0.8021500110626221,
331,"[('0319',)]",0,0.000524037672725575,0.80134117603302,
332,"[('0823',)]",0,0.0007749423606882386,0.8011400103569031,
333,"[('0461',)]",0,0.0006409035007188512,0.8012474775314331,
334,"[('0212',)]",0,0.0004945981893379559,0.8013647794723511,
335,"[('0272',)]",0,0.0008665318645608317,0.8010665774345398,
336,"[('0942',)]",0,0.00014325728406046006,0.8016464710235596,
337,"[('0963',)]",1,0.999870587101942,0.8018651008605957,
338,"[('0271',)]",0,0.0005220304352218737,0.801342785358429,
339,"[('0112',)]",0,0.0004228580341130757,0.8014222979545593,
340,"[('0281',)]",0,0.0005937705904467539,0.8012852668762207,
341,"[('0451',)]",1,0.9999602285424065,0.8017932176589966,
342,"[('0402',)]",1,0.9992077693131207,0.8023970127105713,
343,"[('0592',)]",0,7.679542004901674e-05,0.8016997575759888,
344,"[('0573',)]",0,0.00035476064324676464,0.8014768958091736,
345,"[('0984',)]",0,0.0009377516248773448,0.801009476184845,
346,"[('0528',)]",0,0.0008955996372996173,0.8010432720184326,
347,"[('0960',)]",0,0.0010043621731483216,0.8009560704231262,
348,"[('0183',)]",1,0.9997458888472184,0.8019651174545288,
349,"[('0902',)]",0,6.38598894696083e-05,0.8017101287841797,
350,"[('0065',)]",0,0.0004748231828200096,0.8013806343078613,
351,"[('0696',)]",1,0.999512776157909,0.802152156829834,
352,"[('0372',)]",0,0.0004055363178774311,0.801436185836792,
353,"[('0911',)]",0,0.0005748876894860082,0.8013004064559937,
354,"[('0411',)]",1,0.9963358445934135,0.8047099113464355,
355,"[('0712',)]",0,0.0005594988686242981,0.8013127446174622,
356,"[('0362',)]",0,9.359674137629436e-05,0.8016862869262695,
357,"[('0188',)]",0,0.0001836994026535531,0.8016140460968018,
358,"[('0513',)]",0,0.0009486799179530519,0.801000714302063,
359,"[('0564',)]",0,0.000783194337092344,0.801133394241333,
360,"[('0556',)]",0,0.0013465589964645113,0.8006817102432251,
361,"[('0880',)]",1,0.9995303041156387,0.802138090133667,
362,"[('0003',)]",0,0.0007211186587371369,0.8011831641197205,
363,"[('0497',)]",0,0.000311344839463003,0.8015117049217224,
364,"[('0440',)]",0,0.00032271918531731045,0.8015025854110718,
365,"[('0310',)]",0,0.0006457357391536877,0.8012436032295227,
366,"[('0219',)]",1,0.9998625602943306,0.8018715381622314,
367,"[('0716',)]",1,0.9995643219912395,0.8021107912063599,
368,"[('0200',)]",0,0.0007846811796876783,0.8011322021484375,
369,"[('0301',)]",0,0.0008984246382307524,0.8010410070419312,
370,"[('0084',)]",0,0.0005423258366481869,0.8013265132904053,
371,"[('0550',)]",0,0.0005873028251570496,0.8012904524803162,
372,"[('0932',)]",0,0.0008816233169034748,0.8010544776916504,
373,"[('0044',)]",0,0.0006590429803819297,0.8012329339981079,
374,"[('0594',)]",0,9.307634646792736e-05,0.801686704158783,
375,"[('0890',)]",1,0.9998735600263554,0.8018627166748047,
376,"[('0170',)]",0,7.843094690388448e-05,0.8016984462738037,
377,"[('0132',)]",0,0.0006692278521599696,0.8012247681617737,
378,"[('0291',)]",0,0.0006287113914371099,0.8012572526931763,
379,"[('0958',)]",0,0.0007930074982215504,0.8011255264282227,
380,"[('0218',)]",0,0.00013240333311451968,0.8016551733016968,
381,"[('0320',)]",0,0.0004404771188677872,0.8014081716537476,
382,"[('0026',)]",0,0.0001944046693399601,0.8016054630279541,
383,"[('0562',)]",0,3.7096722753590855e-05,0.8017315864562988,
384,"[('0238',)]",0,0.0005729547941120736,0.8013019561767578,
385,"[('0704',)]",1,0.9996967017861373,0.8020045757293701,
386,"[('0846',)]",0,0.0006020225668508592,0.8012786507606506,
387,"[('0535',)]",1,0.9997846029138365,0.8019340634346008,
388,"[('0203',)]",0,0.0009190917503058993,0.8010244369506836,
389,"[('0989',)]",0,9.017700340702546e-05,0.8016890287399292,
390,"[('0469',)]",0,0.0006602324544581972,0.8012319803237915,
391,"[('0758',)]",0,0.00042055342809030756,0.8014241456985474,
392,"[('0062',)]",1,0.9974416099867824,0.8038178086280823,
393,"[('0139',)]",0,0.00042040474383077414,0.8014242649078369,
394,"[('0542',)]",0,0.00044062580312732066,0.801408052444458,
395,"[('0853',)]",0,0.0005815041390352458,0.8012951016426086,
396,"[('0578',)]",1,0.9999411244997534,0.8018085360527039,
397,"[('0124',)]",1,0.9998473988982394,0.8018836975097656,
398,"[('0343',)]",0,0.0011197411585462634,0.8008635640144348,
399,"[('0738',)]",0,0.0001109927997417057,0.8016723394393921,
400,"[('0907',)]",0,0.0005696837404023382,0.8013045787811279,
401,"[('0052',)]",0,0.0004699166022554064,0.8013845682144165,
402,"[('0007',)]",0,0.00042159421790704155,0.8014233112335205,
403,"[('0368',)]",0,0.0005854442719128817,0.8012919425964355,
404,"[('0468',)]",0,0.00046709160132427124,0.801386833190918,
405,"[('0951',)]",0,0.00042501395587631047,0.8014205694198608,
406,"[('0549',)]",1,0.9997212204109766,0.8019849061965942,
407,"[('0723',)]",0,0.00047601265689627706,0.8013796806335449,
408,"[('0530',)]",0,0.00036494551502480463,0.8014687299728394,
409,"[('0673',)]",0,0.00015738228871613595,0.8016351461410522,
410,"[('0380',)]",0,0.0005513955764797262,0.8013192415237427,
411,"[('0859',)]",0,0.0002636915342825386,0.8015499114990234,
412,"[('0374',)]",0,0.0005207666190158395,0.8013437986373901,
413,"[('0658',)]",0,0.00015277307667059962,0.8016388416290283,
414,"[('0012',)]",1,0.9997322913357005,0.8019760251045227,
415,"[('0495',)]",0,0.0003603363029792683,0.8014724254608154,
416,"[('0027',)]",0,0.0001649651859523409,0.8016290664672852,
417,"[('0935',)]",0,0.0002577441639012014,0.8015546798706055,
418,"[('0825',)]",0,0.0006539133734280263,0.8012370467185974,
419,"[('0166',)]",0,0.000501586349536027,0.8013591766357422,
420,"[('0505',)]",0,3.560988015825655e-05,0.8017327785491943,
421,"[('0140',)]",0,1.9700664388179513e-05,0.8017455339431763,
422,"[('0167',)]",0,0.000123184909023447,0.8016625642776489,
423,"[('0844',)]",0,0.0006039554622247938,0.8012771010398865,
424,"[('0931',)]",0,0.00010326121824596733,0.8016785383224487,
425,"[('0917',)]",0,0.0009250391206872365,0.8010196685791016,
426,"[('0215',)]",0,0.0005728804519823068,0.8013020157814026,
427,"[('0090',)]",0,9.642174230742953e-05,0.8016840219497681,
428,"[('0081',)]",0,0.0006209798099413716,0.8012634515762329,
429,"[('0383',)]",0,0.00023886126294045575,0.8015698194503784,
430,"[('0460',)]",0,0.00013567438682425512,0.8016525506973267,
431,"[('0786',)]",0,0.00013961451970189104,0.8016493916511536,
432,"[('0922',)]",0,0.0010643562718700606,0.8009079694747925,
433,"[('0760',)]",0,0.0007061758906540272,0.8011951446533203,
434,"[('0413',)]",0,0.0001433316261902268,0.8016464114189148,
435,"[('0387',)]",0,0.00048419029117061573,0.8013731241226196,
436,"[('0488',)]",0,6.504936354587574e-05,0.8017091751098633,
437,"[('0653',)]",1,0.9997338516870875,0.8019747734069824,
438,"[('0283',)]",0,0.0007314522147747102,0.8011748790740967,
439,"[('0833',)]",0,0.0008579825196376595,0.801073431968689,
440,"[('0775',)]",0,0.0004267238248609449,0.801419198513031,
441,"[('0543',)]",0,0.0002846560148767523,0.8015331029891968,
442,"[('0329',)]",1,0.9989612567404687,0.8025950193405151,
443,"[('0152',)]",0,0.0003216783955005764,0.8015034198760986,
444,"[('0147',)]",0,0.00024228100090972464,0.8015670776367188,
445,"[('0552',)]",0,0.0010306792870857387,0.8009349703788757,
446,"[('0394',)]",0,0.0007007489151810569,0.8011994957923889,
447,"[('0617',)]",0,0.000658968638252163,0.8012329936027527,
448,"[('0507',)]",0,0.00016964874012764396,0.8016253113746643,
449,"[('0185',)]",0,0.00047274160318654156,0.801382303237915,
450,"[('0178',)]",0,0.0006355508673756478,0.8012517690658569,
451,"[('0233',)]",0,0.0004022652641676956,0.8014388084411621,
452,"[('0249',)]",0,0.0005728061098525402,0.8013020753860474,
453,"[('0057',)]",0,0.0008422219881271158,0.8010860681533813,
454,"[('0102',)]",0,0.0006478173187871557,0.801241934299469,
455,"[('0485',)]",0,0.0006457357391536877,0.8012436032295227,
456,"[('0500',)]",0,0.0009326220179234414,0.8010135889053345,
457,"[('0397',)]",0,0.0007070679962112277,0.801194429397583,
458,"[('0837',)]",0,0.00040092710583189477,0.8014398813247681,
459,"[('0953',)]",0,0.000883407528017876,0.8010530471801758,
460,"[('0198',)]",0,0.0008660114696524647,0.8010669946670532,
461,"[('0144',)]",0,0.000938495046175012,0.8010088801383972,
462,"[('0583',)]",0,0.0008601384414008942,0.8010717034339905,
463,"[('0919',)]",0,0.0006594146910307633,0.801232635974884,
464,"[('0409',)]",0,0.0008328548797765097,0.801093578338623,
465,"[('0523',)]",0,0.00044419422535612295,0.8014051914215088,
466,"[('0418',)]",0,0.0008474259372107859,0.8010818958282471,
467,"[('0165',)]",1,0.9999226901623157,0.8018233180046082,
468,"[('0809',)]",0,0.000592655458500253,0.8012861609458923,
469,"[('0843',)]",1,0.9997152020916891,0.801989734172821,
470,"[('0405',)]",0,0.0010636128505723936,0.8009085655212402,
471,"[('0826',)]",0,0.00027855996023588164,0.8015379905700684,
472,"[('0569',)]",0,0.00019775006517946226,0.8016027808189392,
473,"[('0899',)]",0,0.0009519509716627874,0.8009980916976929,
474,"[('0780',)]",0,0.00019507374850786052,0.8016049265861511,
475,"[('0773',)]",0,1.955198012864608e-05,0.8017456531524658,
476,"[('0741',)]",0,0.000470808707812607,0.8013838529586792,
477,"[('0263',)]",0,0.00121690632215136,0.8007856607437134,
478,"[('0237',)]",0,0.00047400541939257573,0.8013812899589539,
479,"[('0514',)]",0,0.0006752495646710736,0.8012199401855469,
480,"[('0479',)]",0,0.0006419442905355853,0.8012466430664062,
481,"[('0961',)]",0,0.0009694957142877322,0.8009840250015259,
482,"[('0651',)]",0,5.270857000460103e-05,0.801719069480896,
483,"[('0455',)]",0,0.0003304507668130488,0.8014963865280151,
484,"[('0474',)]",0,0.0009844384823708419,0.800972044467926,
485,"[('0417',)]",0,0.0004750462092093097,0.801380455493927,
486,"[('0234',)]",1,0.9992922438033259,0.8023291826248169,
487,"[('0101',)]",0,3.285922135688809e-05,0.801734983921051,
488,"[('0260',)]",1,0.9995759836736623,0.8021014332771301,
489,"[('0606',)]",0,0.00027618101208334676,0.8015398979187012,
490,"[('0060',)]",1,0.9996366733817809,0.8020527362823486,
491,"[('0690',)]",1,0.999212519696293,0.8023931980133057,
492,"[('0087',)]",0,0.00031974550012664184,0.8015049695968628,
493,"[('0000',)]",0,0.0007420831393313505,0.8011663556098938,
494,"[('0559',)]",0,0.000256554689824934,0.8015556335449219,
495,"[('0792',)]",0,0.0004690244966982058,0.8013852834701538,
496,"[('0603',)]",0,0.0009128470114054952,0.8010294437408447,
497,"[('0534',)]",0,0.0007394811647895155,0.8011684417724609,
498,"[('0076',)]",0,0.0005423258366481869,0.8013265132904053,
499,"[('0722',)]",1,0.9999449898502557,0.8018054366111755,
500,"[('0257',)]",0,0.0006063344103773287,0.8012751936912537,
501,"[('0896',)]",0,0.00042553435078467744,0.8014201521873474,
502,"[('0830',)]",0,0.0005344455708929151,0.8013328313827515,
503,"[('0801',)]",0,0.00036353301455923704,0.8014698624610901,
504,"[('0483',)]",0,0.0008266101408761057,0.8010985851287842,
505,"[('0959',)]",0,0.0004096251350146004,0.8014329075813293,
506,"[('0553',)]",0,0.0004052389493583642,0.8014364242553711,
507,"[('0746',)]",1,0.9999799280278552,0.8017774224281311,
508,"[('0693',)]",0,0.0005045600347266956,0.8013567924499512,
509,"[('0515',)]",0,0.0008071325028772263,0.8011142015457153,
510,"[('0672',)]",0,0.00017358887300527985,0.8016221523284912,
511,"[('0929',)]",0,0.000760743013902796,0.8011513948440552,
512,"[('0547',)]",0,0.0006233587580939064,0.8012615442276001,
513,"[('0763',)]",0,0.0004134165836327029,0.8014298677444458,
514,"[('0211',)]",0,0.0005735495311502073,0.8013014793395996,
515,"[('0414',)]",0,0.0006229127053153061,0.8012619018554688,
516,"[('0224',)]",0,0.00011827832845884379,0.8016664981842041,
517,"[('0049',)]",0,0.0005450764954495554,0.8013243079185486,
518,"[('0611',)]",0,0.0003187790524396745,0.8015057444572449,
519,"[('0396',)]",0,0.00043170474755531484,0.801415205001831,
520,"[('0527',)]",0,0.0008691338391026667,0.8010644912719727,
521,"[('0136',)]",0,9.567832100976238e-05,0.8016846179962158,
522,"[('0532',)]",1,0.9998743032602211,0.8018621206283569,
523,"[('0312',)]",1,0.9995614994593238,0.8021130561828613,
524,"[('0061',)]",0,0.00023640797265815413,0.801571786403656,
525,"[('0177',)]",0,0.0008542654131493237,0.8010764122009277,
526,"[('0740',)]",0,0.0006065574367666288,0.8012750148773193,
527,"[('0875',)]",0,0.0007874318384890468,0.8011299967765808,
528,"[('0847',)]",1,0.9987053745110909,0.8028006553649902,
529,"[('0900',)]",1,0.999853195848334,0.8018790483474731,
530,"[('0560',)]",0,0.0003503001154607617,0.8014804720878601,
531,"[('0654',)]",0,0.0001993112499045633,0.8016015291213989,
532,"[('0056',)]",0,0.00048404160691108226,0.8013732433319092,
533,"[('0967',)]",0,0.0006176344141018694,0.8012661337852478,
534,"[('0736',)]",0,0.0004944495050784224,0.8013648986816406,
535,"[('0705',)]",1,0.9999124326398489,0.8018315434455872,
536,"[('0290',)]",0,0.0003549836696360648,0.8014767169952393,
537,"[('0914',)]",0,0.0013306497806944344,0.800694465637207,
538,"[('0025',)]",0,9.835463768136413e-05,0.8016824722290039,
539,"[('0228',)]",1,0.9992932831214941,0.80232834815979,
540,"[('0541',)]",0,0.0010017601986064865,0.8009581565856934,
541,"[('0657',)]",0,2.4681587082549428e-05,0.8017415404319763,
542,"[('0269',)]",0,0.00014860991740366357,0.8016421794891357,
543,"[('0315',)]",0,0.00047140344485074073,0.801383376121521,
544,"[('0262',)]",0,0.0008242311927235707,0.801100492477417,
545,"[('0850',)]",0,0.0003983994734198264,0.8014419078826904,
546,"[('0715',)]",0,0.0004163159266936048,0.8014275431632996,
547,"[('0894',)]",0,0.0004006297373128279,0.8014401197433472,
548,"[('0521',)]",0,0.00031104747094393614,0.8015119433403015,
549,"[('0661',)]",0,0.0009446654429456493,0.8010039329528809,
550,"[('0599',)]",0,0.00048731266062081776,0.8013706207275391,
551,"[('0247',)]",0,0.00045311528092812877,0.8013980388641357,
552,"[('0419',)]",0,0.0005112508264057,0.8013514280319214,
553,"[('0424',)]",0,0.00043876724988315275,0.8014095425605774,
554,"[('0039',)]",0,0.0006835758832049457,0.801213264465332,
555,"[('0674',)]",0,0.000408435660938333,0.8014338612556458,
556,"[('0400',)]",1,0.9998298598175717,0.8018977642059326,
557,"[('0299',)]",0,0.0003187047103099078,0.8015058040618896,
558,"[('0490',)]",0,0.0002650296926183395,0.8015488386154175,
559,"[('0437',)]",0,0.00038174683635208224,0.8014552593231201,
560,"[('0650',)]",0,0.00014519017943439468,0.8016449213027954,
561,"[('0702',)]",1,0.9999933835942278,0.8017666339874268,
562,"[('0356',)]",0,0.0010706010107704648,0.8009029626846313,
563,"[('0018',)]",0,0.00037832709838281337,0.8014580011367798,
564,"[('0428',)]",0,0.0006264811275441084,0.8012590408325195,
565,"[('0493',)]",0,0.0004311100105171811,0.8014156818389893,
566,"[('0143',)]",0,0.0010074102004687569,0.8009536266326904,
567,"[('0232',)]",0,0.001008450990285491,0.8009527921676636,
568,"[('0845',)]",0,0.0005820245339436128,0.8012946844100952,
569,"[('0148',)]",0,0.0006070034895452292,0.8012746572494507,
570,"[('0426',)]",0,0.00021365928094953932,0.8015900254249573,
571,"[('0777',)]",1,0.9999483348892337,0.8018027544021606,
572,"[('0626',)]",1,0.9999773261645356,0.8017795085906982,
573,"[('0098',)]",0,0.00016808755540254295,0.8016265630722046,
574,"[('0135',)]",0,0.0005418797838695866,0.8013268709182739,
575,"[('0235',)]",0,0.0009711312411425999,0.8009827136993408,
576,"[('0415',)]",1,0.9999165207576377,0.8018282651901245,
577,"[('0938',)]",0,0.00019812177582829584,0.8016024827957153,
578,"[('0842',)]",1,0.9997280561207738,0.8019794225692749,
579,"[('0502',)]",0,6.415725798867517e-05,0.8017098903656006,
580,"[('0381',)]",0,1.0928293075707126e-05,0.8017525672912598,
581,"[('0055',)]",0,0.000111959247428673,0.80167156457901,
582,"[('0822',)]",0,0.0005481245227699907,0.8013218641281128,
583,"[('0391',)]",1,0.9996678753654932,0.802027702331543,
584,"[('0031',)]",0,0.00012630727847364902,0.8016600608825684,
585,"[('0094',)]",0,0.00037527907106237805,0.8014604449272156,
586,"[('0105',)]",0,0.00010430200806270134,0.8016777038574219,
587,"[('0531',)]",0,0.0003442784029496578,0.8014853000640869,
588,"[('0477',)]",1,0.9995530319592181,0.8021198511123657,
589,"[('0331',)]",1,0.9998521553651621,0.8018798828125,
590,"[('0146',)]",0,0.0004522231753709282,0.801398754119873,
591,"[('0222',)]",0,0.00043482711700551686,0.8014127016067505,
592,"[('0622',)]",0,0.0008219265867008026,0.801102340221405,
593,"[('0103',)]",1,0.999333669730196,0.8022959232330322,
594,"[('0192',)]",0,0.00011575069604677547,0.8016685247421265,
595,"[('0072',)]",0,0.0002666652194732072,0.8015475273132324,
596,"[('0572',)]",0,0.0003231652380959107,0.8015022277832031,
597,"[('0898',)]",0,0.0007399272175681158,0.8011680841445923,
598,"[('0620',)]",1,0.9996530913256407,0.8020395636558533,
599,"[('0476',)]",0,0.0004776481837511448,0.8013783693313599,
600,"[('0337',)]",0,0.0003613770927960023,0.8014715909957886,
601,"[('0274',)]",0,0.0005323639912594471,0.8013345003128052,
602,"[('0698',)]",0,0.0004511080434244275,0.8013996481895447,
603,"[('0484',)]",0,0.0008908417409945475,0.8010470867156982,
604,"[('0214',)]",0,0.0003156566829894725,0.8015082478523254,
605,"[('0033',)]",0,0.0006514600831457248,0.801239013671875,
606,"[('0006',)]",0,0.0002608665333514034,0.8015521764755249,
607,"[('0882',)]",0,0.00023559020923072027,0.8015724420547485,
608,"[('0408',)]",0,0.000310824444554636,0.8015121221542358,
609,"[('0888',)]",0,0.00030026786212776247,0.801520586013794,
610,"[('0857',)]",1,0.9992511182340267,0.8023622035980225,
611,"[('0868',)]",0,0.000920727277160767,0.8010231256484985,
612,"[('0051',)]",0,0.0005580863681587306,0.8013138771057129,
613,"[('0589',)]",0,0.0006728706165185387,0.8012218475341797,
614,"[('0305',)]",0,0.0006434311331309196,0.8012454509735107,
615,"[('0465',)]",0,0.0010066667791710897,0.8009542226791382,
616,"[('0537',)]",0,0.00035483498537653135,0.8014768362045288,
617,"[('0699',)]",1,0.992079851254286,0.8081620931625366,
618,"[('0412',)]",0,0.0002833921986707181,0.801534116268158,
619,"[('0662',)]",0,0.00021336191243047245,0.8015902638435364,
620,"[('0879',)]",0,0.00045549422908066365,0.8013961315155029,
621,"[('0768',)]",1,0.9992353073185785,0.8023748993873596,
622,"[('0302',)]",0,2.1038822723980384e-05,0.8017444610595703,
623,"[('0874',)]",1,0.9998458381923911,0.8018849492073059,
624,"[('0024',)]",1,0.999954876363466,0.8017975091934204,
625,"[('0595',)]",0,0.0004404771188677872,0.8014081716537476,
626,"[('0069',)]",0,0.00021180072770537144,0.8015915155410767,
627,"[('0285',)]",0,0.0005972646705457895,0.8012824654579163,
628,"[('0721',)]",0,0.0005647771598377349,0.8013085126876831,
629,"[('0776',)]",0,0.001018561519933764,0.8009446859359741,
630,"[('0538',)]",0,0.0004986126643453584,0.8013615608215332,
631,"[('0671',)]",0,0.00047749949949161136,0.8013784885406494,
632,"[('0352',)]",0,0.00012303622476391357,0.8016626834869385,
633,"[('0814',)]",0,0.0004847850282087494,0.8013726472854614,
634,"[('0586',)]",1,0.9998469529817855,0.8018840551376343,
635,"[('0438',)]",0,0.00020800927908726897,0.8015945553779602,
636,"[('0772',)]",0,0.00023871257868092233,0.801569938659668,
637,"[('0831',)]",0,0.00046976791799587295,0.801384687423706,
638,"[('0168',)]",1,0.9997182483923956,0.8019872903823853,
639,"[('0111',)]",1,0.9998783167421891,0.8018589019775391,
640,"[('0050',)]",0,3.6501985715457136e-05,0.801732063293457,
641,"[('0239',)]",0,0.0004477626475849253,0.8014023303985596,
642,"[('0481',)]",1,0.9999078985846711,0.8018351793289185,
643,"[('0355',)]",0,0.0002807902241288831,0.8015362024307251,
644,"[('0471',)]",0,0.0006565896900996281,0.8012349009513855,
645,"[('0108',)]",1,0.9991907722182758,0.8024106621742249,
646,"[('0125',)]",0,0.0005739955839288076,0.801301121711731,
647,"[('0659',)]",1,0.9998888708670555,0.801850438117981,
648,"[('0856',)]",0,0.0004890968717352189,0.8013691902160645,
649,"[('0499',)]",0,0.0006475942923978556,0.8012421131134033,
650,"[('0851',)]",0,0.0009161180651152306,0.8010268211364746,
651,"[('0649',)]",0,0.0004413692244249878,0.8014074563980103,
652,"[('0216',)]",1,0.9997137903976567,0.8019908666610718,
653,"[('0363',)]",1,0.9996463309305041,0.8020449876785278,
654,"[('0173',)]",0,0.0011669484109481276,0.8008257150650024,
655,"[('0976',)]",0,0.0004874613448803512,0.8013705015182495,
656,"[('0652',)]",1,0.9994005672322024,0.8022422194480896,
657,"[('0719',)]",0,0.0008410325140508483,0.8010870218276978,
658,"[('0865',)]",0,0.0005574916311205969,0.8013143539428711,
659,"[('0327',)]",0,0.0003769889400470125,0.8014590740203857,
660,"[('0467',)]",0,0.0001835507183940197,0.8016141653060913,
661,"[('0133',)]",0,0.00048783305552918473,0.8013702034950256,
662,"[('0783',)]",0,0.0012439668573864444,0.8007639646530151,
663,"[('0923',)]",1,0.9994563343695946,0.8021974563598633,
664,"[('0107',)]",1,0.9999869902965454,0.8017717599868774,
665,"[('0926',)]",0,0.001069485878823964,0.800903856754303,
666,"[('0046',)]",1,0.9997243410495048,0.8019824028015137,
667,"[('0555',)]",1,0.9994041313903658,0.8022393584251404,
668,"[('0059',)]",0,0.0003496310362928613,0.8014810085296631,
669,"[('0326',)]",0,0.0005379396509919507,0.801330029964447,
670,"[('0482',)]",0,0.0007860193380234792,0.8011311292648315,
671,"[('0225',)]",0,0.00011366911641330745,0.8016701936721802,
672,"[('0561',)]",0,0.00043876724988315275,0.8014095425605774,
673,"[('0656',)]",1,0.9998887965414535,0.8018504977226257,
674,"[('0518',)]",1,0.9999135475777489,0.8018306493759155,
675,"[('0943',)]",1,0.9998164829662893,0.8019084930419922,
676,"[('0901',)]",0,0.0004236757975405096,0.8014216423034668,
677,"[('0904',)]",0,2.445856069324928e-05,0.8017417192459106,
678,"[('0221',)]",1,0.9998184894711629,0.8019068837165833,
679,"[('0450',)]",0,0.0009929878272940142,0.8009651899337769,
680,"[('0268',)]",0,0.0003359520844157857,0.8014919757843018,
681,"[('0864',)]",0,0.0008957483215591508,0.8010431528091431,
682,"[('0357',)]",0,0.0009944003277595817,0.8009640574455261,
683,"[('0184',)]",0,0.000595034406652788,0.8012842535972595,
684,"[('0668',)]",0,0.0005458942588769893,0.801323652267456,
685,"[('0433',)]",0,0.0002593796907560691,0.8015533685684204,
686,"[('0934',)]",1,0.99926143642518,0.8023539185523987,
687,"[('0949',)]",0,0.00048002713190367966,0.801376461982727,
688,"[('0336',)]",0,0.0005971903284160227,0.801282525062561,
689,"[('0492',)]",0,0.0006075238844535961,0.8012742400169373,
690,"[('0664',)]",0,0.00011827832845884379,0.8016664981842041,
691,"[('0806',)]",1,0.9991589320554073,0.8024362325668335,
692,"[('0887',)]",0,0.00015054281277759816,0.8016406297683716,
693,"[('0347',)]",0,0.0007371022166369806,0.8011703491210938,
694,"[('0213',)]",0,0.0004914014777579871,0.8013673424720764,
695,"[('0118',)]",1,0.9994718552259175,0.8021849989891052,
696,"[('0150',)]",0,0.0005626955802042669,0.8013101816177368,
697,"[('0590',)]",0,0.0008080246084344268,0.801113486289978,
698,"[('0977',)]",0,9.441450480372822e-06,0.8017537593841553,
699,"[('0982',)]",0,0.00048582581802548346,0.8013718128204346,
700,"[('0306',)]",0,0.0009022904289786217,0.8010379076004028,
701,"[('0398',)]",0,0.000558235052418264,0.8013137578964233,
702,"[('0832',)]",0,0.0009089812206576261,0.801032543182373,
703,"[('0278',)]",1,0.9991705100616602,0.8024269342422485,
704,"[('0197',)]",0,0.000385463942840418,0.8014522790908813,
705,"[('0869',)]",0,0.00015210399750269918,0.8016393780708313,
706,"[('0019',)]",1,0.9993241667050508,0.8023035526275635,
707,"[('0937',)]",0,3.4197379692688966e-06,0.8017585873603821,
708,"[('0881',)]",1,0.9997919596685685,0.8019281625747681,
709,"[('0001',)]",0,0.0009659272920589298,0.8009868860244751,
710,"[('0176',)]",0,0.0007119745767758309,0.8011904954910278,
711,"[('0282',)]",0,0.0008313680371811754,0.8010947704315186,
712,"[('0969',)]",0,0.0008465338316535853,0.8010826110839844,
713,"[('0598',)]",0,0.0001257125414355153,0.8016605377197266,
714,"[('0187',)]",0,0.0005983798024922902,0.8012815713882446,
715,"[('0927',)]",0,0.0005890126941416841,0.8012890815734863,
716,"[('0229',)]",0,0.0002533579782449652,0.8015581965446472,
717,"[('0964',)]",1,0.9993103579437657,0.8023146390914917,
718,"[('0435',)]",1,0.9998994252147305,0.8018419742584229,
719,"[('0277',)]",0,0.0007017153628680243,0.8011987209320068,
720,"[('0421',)]",0,0.0010332812616275738,0.8009328842163086,
721,"[('0718',)]",0,0.0003967639465649587,0.8014432191848755,
722,"[('0728',)]",0,0.00030019351999799576,0.8015206456184387,
723,"[('0873',)]",0,0.00024124021109299062,0.8015679121017456,
724,"[('0154',)]",0,0.0008089910561213941,0.801112711429596,
725,"[('0841',)]",0,0.000683501541075179,0.8012133240699768,
726,"[('0466',)]",0,0.000773529860222671,0.8011411428451538,
727,"[('0110',)]",1,0.9995595682624607,0.8021146059036255,
728,"[('0812',)]",0,0.000686623910525381,0.8012108206748962,
729,"[('0889',)]",0,0.00046835541753030536,0.8013858199119568,
730,"[('0104',)]",1,0.999237756864274,0.802372932434082,
731,"[('0489',)]",0,0.0009418404420145141,0.8010061979293823,
732,"[('0593',)]",0,0.0002974428611966273,0.8015228509902954,
733,"[('0511',)]",0,0.0006698969313278701,0.8012242317199707,
734,"[('0446',)]",0,0.0005567482098229297,0.8013149499893188,
735,"[('0163',)]",0,0.00030963497047836855,0.8015130758285522,
736,"[('0517',)]",0,0.0007231258962408382,0.8011815547943115,
737,"[('0952',)]",0,0.0005242606991148752,0.8013409972190857,
738,"[('0242',)]",0,0.000586931114508216,0.80129075050354,
739,"[('0156',)]",1,0.99959165680921,0.8020888566970825,
740,"[('0073',)]",0,0.000717698920767868,0.8011859059333801,
741,"[('0597',)]",0,0.0011989155267478151,0.800800085067749,
742,"[('0399',)]",0,0.00044419422535612295,0.8014051914215088,
743,"[('0189',)]",0,0.0005638107121507676,0.8013092875480652,
744,"[('0817',)]",1,0.9998780194461235,0.8018591403961182,
745,"[('0713',)]",1,0.9990882823447343,0.8024929761886597,
746,"[('0677',)]",0,9.151516174282633e-05,0.8016879558563232,
747,"[('0979',)]",0,0.0007018640471275577,0.8011986017227173,
748,"[('0220',)]",0,0.00015998426325797098,0.8016330599784851,
749,"[('0145',)]",0,0.00020094677675943102,0.8016002178192139,
750,"[('0378',)]",0,0.0006356995516351812,0.8012516498565674,
751,"[('0577',)]",0,0.00012942964792385107,0.8016575574874878,
752,"[('0014',)]",0,0.0004876843712696513,0.8013703227043152,
753,"[('0314',)]",0,0.00016132242159377187,0.8016319870948792,
754,"[('0554',)]",0,0.0004664225221563708,0.801387369632721,
755,"[('0834',)]",0,0.0001276454368094499,0.8016589879989624,
756,"[('0756',)]",0,0.0007718943333678033,0.8011424541473389,
757,"[('0614',)]",0,0.00034888761499519413,0.8014816045761108,
758,"[('0106',)]",1,0.9993287697102856,0.8022998571395874,
759,"[('0862',)]",1,0.9998517094444657,0.8018802404403687,
760,"[('0752',)]",0,0.000909501615565993,0.8010321259498596,
761,"[('0122',)]",0,0.0009462266276707503,0.8010026812553406,
762,"[('0686',)]",0,0.0005945883538741877,0.8012846112251282,
763,"[('0815',)]",1,0.9969935263313076,0.8041790723800659,
764,"[('0078',)]",0,0.00029699680841802697,0.8015232086181641,
765,"[('0364',)]",0,0.0006865495683956143,0.801210880279541,
766,"[('0149',)]",0,0.00011069543122263884,0.8016725778579712,
767,"[('0022',)]",1,0.9995375085816159,0.8021323084831238,
768,"[('0487',)]",0,0.0008349364594099777,0.8010919094085693,
769,"[('0681',)]",0,0.0002903060167390226,0.8015285730361938,
770,"[('0159',)]",0,0.0003799626252376811,0.8014566898345947,
771,"[('0361',)]",0,0.0005131837217796346,0.8013498783111572,
772,"[('0245',)]",0,0.0009031081924060555,0.8010372519493103,
773,"[('0202',)]",0,0.0007266199763398738,0.8011787533760071,
774,"[('0848',)]",0,0.0005722113728144064,0.8013025522232056,
775,"[('0747',)]",0,0.0009239983308705025,0.8010205030441284,
776,"[('0575',)]",0,0.0006578535063056622,0.8012338876724243,
777,"[('0525',)]",0,0.000949423339250719,0.8010001182556152,
778,"[('0508',)]",0,0.0009632509753873281,0.800989031791687,
779,"[('0255',)]",0,0.0002199783619797101,0.8015849590301514,
780,"[('0529',)]",0,0.00072602523930174,0.8011792302131653,
781,"[('0243',)]",0,0.0007522680111093905,0.8011581897735596,
782,"[('0434',)]",0,8.489871219358869e-05,0.8016932606697083,
783,"[('0048',)]",1,0.9994891589498088,0.8021711111068726,
784,"[('0246',)]",0,0.0010748385121671675,0.8008995652198792,
785,"[('0047',)]",0,0.0003079994436235008,0.8015143871307373,
786,"[('0568',)]",0,0.00022800731199451533,0.8015785217285156,
787,"[('0646',)]",0,0.0010264417856890359,0.8009383678436279,
788,"[('0292',)]",0,0.0007143535249283658,0.801188588142395,
789,"[('0099',)]",0,0.00045192580685186136,0.8013989925384521,
790,"[('0689',)]",0,0.0010805628561592045,0.8008949756622314,
791,"[('0205',)]",0,0.0006035837515759602,0.8012773990631104,
792,"[('0621',)]",1,0.9999014320525274,0.8018403649330139,
793,"[('0663',)]",0,0.0009109141160315606,0.8010309934616089,
794,"[('0009',)]",0,0.0003176639204931738,0.8015066385269165,
795,"[('0625',)]",0,0.00023209612913168467,0.801575243473053,
796,"[('0284',)]",0,0.0007643114361315983,0.801148533821106,
797,"[('0751',)]",0,0.0004875356870101179,0.8013704419136047,
798,"[('0244',)]",0,0.00034531919276639184,0.8014844655990601,
799,"[('0369',)]",0,0.0003030928630588976,0.8015183210372925,
800,"[('0120',)]",0,0.0006994107568452561,0.8012005686759949,
801,"[('0707',)]",0,0.000634435735429147,0.8012526631355286,
802,"[('0193',)]",0,0.0005044113504671622,0.8013569116592407,
803,"[('0551',)]",0,0.0005505778130522923,0.8013198971748352,
804,"[('0298',)]",0,0.00023053494440658366,0.8015764951705933,
805,"[('0169',)]",0,0.0004961593740630568,0.8013635277748108,
806,"[('0540',)]",0,0.0005270113579162436,0.801338791847229,
807,"[('0796',)]",0,0.0006111666488121651,0.8012713193893433,
808,"[('0273',)]",0,0.000384423153023684,0.8014531135559082,
809,"[('0013',)]",0,0.0005882692728440169,0.8012896776199341,
810,"[('0223',)]",0,0.0007854246009853454,0.8011316061019897,
811,"[('0054',)]",0,0.00032480076495077843,0.8015009164810181,
812,"[('0160',)]",0,4.9437516294865565e-05,0.8017216920852661,
813,"[('0860',)]",0,0.0006197903358651041,0.8012644052505493,
814,"[('0916',)]",1,0.9999341372112194,0.8018141388893127,
815,"[('0017',)]",1,0.9992070270698302,0.802397608757019,
816,"[('0906',)]",0,0.0006428363960927858,0.801245927810669,
817,"[('0579',)]",0,0.0004006297373128279,0.8014401197433472,
818,"[('0037',)]",0,0.0009183483290082322,0.8010250329971313,
819,"[('0075',)]",0,0.00025863626945840196,0.8015539646148682,
820,"[('0011',)]",0,0.000603658093705727,0.8012773394584656,
821,"[('0089',)]",0,0.0009562628151892569,0.8009946346282959,
822,"[('0835',)]",0,0.0006412752113676848,0.8012471795082092,
823,"[('0743',)]",0,0.0006533929785196593,0.8012374639511108,
824,"[('0739',)]",0,0.0004786889735678788,0.801377534866333,
825,"[('0252',)]",0,5.05526482413663e-06,0.801757276058197,
826,"[('0472',)]",0,0.0003897014442371208,0.8014488816261292,
827,"[('0609',)]",0,0.0004281363253265125,0.8014180660247803,
828,"[('0784',)]",0,0.00015039412851806472,0.8016407489776611,
829,"[('0332',)]",0,0.0004094021086253003,0.8014330863952637,
830,"[('0980',)]",0,0.0007011949679596572,0.8011991381645203,
831,"[('0036',)]",1,0.9999670675210972,0.8017877340316772,
832,"[('0714',)]",0,4.2449356096794345e-05,0.801727294921875,
833,"[('0353',)]",0,0.0011674688058564947,0.800825297832489,
834,"[('0838',)]",0,0.0001728454517076127,0.801622748374939,
835,"[('0688',)]",0,0.0005267139893971768,0.8013390302658081,
836,"[('0407',)]",0,0.0003501514312012283,0.8014805912971497,
837,"[('0041',)]",0,0.00021990401984994337,0.8015850186347961,
838,"[('0501',)]",0,0.00035386853768956406,0.8014776110649109,
839,"[('0134',)]",1,0.9995796233627455,0.8020985126495361,
840,"[('0820',)]",0,0.0001723993989290124,0.8016231060028076,
841,"[('0793',)]",0,0.0006130995441860998,0.8012697696685791,
842,"[('0230',)]",1,0.9996201074058619,0.8020660281181335,
843,"[('0708',)]",1,0.9998396697360088,0.8018898963928223,
844,"[('0389',)]",0,0.0006945785184104196,0.8012044429779053,
845,"[('0734',)]",0,0.0003918573660003555,0.8014471530914307,
846,"[('0933',)]",0,0.0012186905332657613,0.8007842302322388,
847,"[('0605',)]",0,0.0006844679887621463,0.8012125492095947,
848,"[('0667',)]",0,0.0009577496577845912,0.8009934425354004,
849,"[('0439',)]",0,0.00037535341319214476,0.8014603853225708,
850,"[('0480',)]",0,0.0003475494566593933,0.8014826774597168,
851,"[('0286',)]",0,0.00011530464326817518,0.8016688823699951,
852,"[('0324',)]",0,0.000686103515617014,0.8012112379074097,
853,"[('0323',)]",0,0.0007371765587667474,0.801170289516449,
854,"[('0975',)]",0,0.0006269271803227088,0.8012586832046509,
855,"[('0566',)]",1,0.9995732353545713,0.8021036386489868,
856,"[('0710',)]",0,0.0009517279452734872,0.8009982705116272,
857,"[('0086',)]",0,0.0004154238211364042,0.8014282584190369,
858,"[('0420',)]",0,0.0005155626699321695,0.8013479709625244,
859,"[('0376',)]",0,0.0005210639875349064,0.801343560218811,
860,"[('0581',)]",1,0.9999150341654831,0.80182945728302,
861,"[('0172',)]",0,0.0005698324246618716,0.8013044595718384,
862,"[('0095',)]",0,2.460724495278271e-05,0.8017416000366211,
863,"[('0893',)]",0,0.00112977734606477,0.8008555173873901,
864,"[('0863',)]",1,0.9999348062027029,0.8018136024475098,
865,"[('0610',)]",0,0.0005771179533790097,0.8012986183166504,
866,"[('0516',)]",0,0.0005948113802634878,0.8012844324111938,
867,"[('0891',)]",0,0.000671235089663671,0.8012231588363647,
868,"[('0473',)]",0,0.0003505974839798286,0.801480233669281,
869,"[('0082',)]",0,0.0004341580378376164,0.8014132380485535,
870,"[('0386',)]",0,0.00043884159201291946,0.8014094829559326,
871,"[('0785',)]",1,0.9987010738433023,0.8028041124343872,
872,"[('0872',)]",0,0.0002602717963132697,0.8015526533126831,
873,"[('0897',)]",0,0.0008828127909797423,0.801053524017334,
874,"[('0680',)]",1,0.9957312130662618,0.8051985502243042,
875,"[('0453',)]",0,0.001033727314406174,0.8009325265884399,
876,"[('0067',)]",0,0.0008590233094543934,0.8010725975036621,
877,"[('0377',)]",0,0.000893072004887549,0.801045298576355,
878,"[('0634',)]",0,0.0008166482954873658,0.8011065721511841,
879,"[('0334',)]",0,0.0008985733224902859,0.8010408878326416,
880,"[('0706',)]",0,0.0002509790300924303,0.80156010389328,
881,"[('0344',)]",1,0.9967469232077956,0.8043780326843262,
882,"[('0311',)]",0,0.0007281811610649748,0.8011775016784668,
883,"[('0004',)]",1,0.9997470777182679,0.8019641637802124,
884,"[('0423',)]",0,0.0004676119962326382,0.8013864159584045,
885,"[('0180',)]",1,0.9997967156080344,0.8019243478775024,
886,"[('0692',)]",0,0.0004879817397887182,0.8013700842857361,
887,"[('0375',)]",0,0.0005059725351922633,0.8013556599617004,
888,"[('0986',)]",0,5.7169097790603944e-05,0.8017154932022095,
889,"[('0635',)]",0,0.0005747390052264747,0.8013005256652832,
890,"[('0164',)]",1,0.999716167989903,0.801988959312439,
891,"[('0548',)]",0,0.00031744089410387367,0.8015068173408508,
892,"[('0697',)]",0,0.00012021122383277838,0.8016649484634399,
893,"[('0161',)]",1,0.9998129158663995,0.8019113540649414,
894,"[('0359',)]",0,0.0004511823855541942,0.8013995885848999,
895,"[('0576',)]",0,0.0004094021086253003,0.8014330863952637,
896,"[('0754',)]",0,0.000611984412239599,0.8012706637382507,
897,"[('0939',)]",1,0.9995811089577438,0.8020973205566406,
898,"[('0870',)]",0,0.0006950245711890198,0.8012040853500366,
899,"[('0903',)]",0,0.00031974550012664184,0.8015049695968628,
900,"[('0454',)]",0,0.000660529822977264,0.8012317419052124,
901,"[('0588',)]",0,0.00026993627318294266,0.8015449047088623,
902,"[('0640',)]",0,0.0005359324134882494,0.801331639289856,
903,"[('0015',)]",0,0.0009553707096320562,0.8009953498840332,
904,"[('0970',)]",0,0.0010546174528706209,0.8009157776832581,
905,"[('0179',)]",1,0.9997993908438682,0.8019222021102905,
906,"[('0563',)]",0,0.0005333304389464144,0.8013337254524231,
907,"[('0338',)]",0,0.0006084903321405635,0.8012734651565552,
908,"[('0199',)]",0,0.0003402639279422552,0.8014885187149048,
909,"[('0616',)]",0,0.0006354021831161143,0.8012518882751465,
910,"[('0948',)]",0,0.0005207666190158395,0.8013437986373901,
911,"[('0849',)]",0,0.0008810285798653411,0.8010549545288086,
912,"[('0365',)]",0,0.00037475867615401103,0.801460862159729,
913,"[('0266',)]",0,0.0008776831840258389,0.8010576367378235,
914,"[('0155',)]",0,0.0005791995330124777,0.8012969493865967,
915,"[('0797',)]",1,0.9990263978458207,0.8025426864624023,
916,"[('0987',)]",0,0.0007301140564389093,0.8011759519577026,
917,"[('0464',)]",0,0.0004581705457522654,0.801393985748291,
918,"[('0182',)]",0,0.0006570357428782284,0.8012345433235168,
919,"[('0852',)]",0,0.0007965759204503528,0.8011226654052734,
920,"[('0733',)]",0,0.0005957034858206884,0.8012837171554565,
921,"[('0066',)]",0,0.0002804928556098162,0.8015364408493042,
922,"[('0571',)]",0,0.000555112682968062,0.8013162612915039,
923,"[('0227',)]",1,0.9990968903883855,0.8024860620498657,
924,"[('0858',)]",0,0.00026555008752670645,0.801548421382904,
925,"[('0367',)]",0,0.0006447692914667204,0.8012443780899048,
926,"[('0628',)]",0,0.0005867824302486826,0.8012908697128296,
927,"[('0526',)]",0,0.0005163060912298366,0.8013473749160767,
928,"[('0892',)]",0,0.0006508653461075911,0.8012394905090332,
929,"[('0265',)]",0,0.0005517672871285597,0.8013189435005188,
930,"[('0510',)]",0,0.0004125244780755023,0.8014305830001831,
931,"[('0360',)]",0,0.0002691928518852755,0.8015455007553101,
932,"[('0727',)]",0,5.575659732503636e-05,0.8017166256904602,
933,"[('0954',)]",1,0.9976996569659993,0.8036099076271057,
934,"[('0002',)]",0,0.0006920508859983512,0.8012064695358276,
935,"[('0791',)]",0,0.0001793132169973169,0.8016175627708435,
936,"[('0655',)]",0,0.0003303020825535154,0.8014965057373047,
937,"[('0724',)]",0,0.0008347877751504443,0.8010920286178589,
938,"[('0524',)]",0,0.00013730991367912288,0.8016512393951416,
939,"[('0475',)]",0,0.0003981021049007596,0.8014421463012695,
940,"[('0684',)]",0,0.0007872831542295133,0.8011301159858704,
941,"[('0210',)]",1,0.999189065118435,0.8024120330810547,
942,"[('0778',)]",0,0.0004782429207892785,0.8013778924942017,
943,"[('0818',)]",0,0.000994623354148882,0.8009638786315918,
944,"[('0808',)]",0,0.0006101258589954312,0.8012721538543701,
945,"[('0726',)]",0,0.00028272311950281766,0.8015346527099609,
946,"[('0790',)]",0,0.0005882692728440169,0.8012896776199341,
947,"[('0536',)]",0,0.0004678350226219384,0.8013862371444702,
948,"[('0248',)]",0,0.0009451858378540163,0.8010035157203674,
949,"[('0250',)]",0,0.0011761668350392003,0.8008183240890503,
950,"[('0660',)]",1,0.9999721224785153,0.8017836809158325,
951,"[('0799',)]",0,0.0010088970430640913,0.8009524345397949,
952,"[('0641',)]",0,0.00043341461653994927,0.8014138340950012,
953,"[('0431',)]",0,8.64598969186897e-05,0.801692008972168,
954,"[('0755',)]",0,0.00032866655569864766,0.8014978170394897,
955,"[('0915',)]",0,0.0008547114659279239,0.8010760545730591,
956,"[('0717',)]",0,0.0005734008468906739,0.8013015985488892,
957,"[('0941',)]",0,0.00041624158456383806,0.8014276027679443,
958,"[('0675',)]",0,0.0005876001936761165,0.8012902140617371,
959,"[('0816',)]",0,0.0005881205885844835,0.8012897968292236,
960,"[('0008',)]",0,0.0008816233169034748,0.8010544776916504,
961,"[('0196',)]",0,0.00030978365473790197,0.8015129566192627,
962,"[('0366',)]",0,0.0011376576118200417,0.800849199295044,
963,"[('0805',)]",0,0.0006734653535566725,0.8012213706970215,
964,"[('0217',)]",0,0.0007696640694748019,0.8011442422866821,
965,"[('0761',)]",0,0.000825718035318905,0.8010993003845215,
966,"[('0444',)]",0,0.00023722573608558802,0.8015711307525635,
967,"[('0371',)]",0,0.0007001541781429232,0.8011999726295471,
968,"[('0737',)]",0,0.00013909412479352402,0.801649808883667,
969,"[('0974',)]",0,0.0006003870399959915,0.8012799620628357,
970,"[('0642',)]",1,0.9997332572669372,0.8019752502441406,
971,"[('0944',)]",0,0.0004566837031569311,0.8013951778411865,
972,"[('0627',)]",0,0.0003289639242177145,0.8014975786209106,
973,"[('0774',)]",0,0.0006825350933882117,0.8012140989303589,
974,"[('0258',)]",0,0.0005068646407494638,0.8013549447059631,
975,"[('0494',)]",0,0.00027283561624384455,0.8015425801277161,
976,"[('0275',)]",1,0.9974264479613348,0.8038300275802612,
977,"[('0157',)]",1,0.9991445341398991,0.8024477958679199,
978,"[('0691',)]",1,0.9998730397633069,0.8018631339073181,
979,"[('0058',)]",0,7.456515615601529e-05,0.801701545715332,
980,"[('0973',)]",0,0.0005405416255337858,0.8013279438018799,
981,"[('0503',)]",0,4.921448990556542e-05,0.8017218708992004,
982,"[('0512',)]",0,0.00028651456812092013,0.8015316128730774,
983,"[('0637',)]",0,0.00020243361935476533,0.8015990257263184,
984,"[('0800',)]",0,0.0004793580527357792,0.80137699842453,
985,"[('0988',)]",0,0.0002474849499933947,0.8015629053115845,
986,"[('0920',)]",0,0.000675398248930607,0.8012198209762573,
987,"[('0913',)]",0,0.0002851764097851193,0.8015326857566833,
988,"[('0781',)]",0,0.000558235052418264,0.8013137578964233,
989,"[('0861',)]",1,0.9993062747810082,0.8023179173469543,
